ticker,underlying_conid,fetched_at,market_data_mode,exchange,trading_class,multiplier,expiry_date,strike,option_type,currency,source,warnings,missing_fields
PBI,10920,2026-04-22T15:54:06Z,delayed,SMART,PBI,100,2026-05-15,1.0,call,USD,ibkr,[],[]
PBI,10920,2026-04-22T15:54:06Z,delayed,SMART,PBI,100,2026-05-15,1.0,put,USD,ibkr,[],[]
PBI,10920,2026-04-22T15:54:06Z,delayed,SMART,PBI,100,2026-05-15,2.0,call,USD,ibkr,[],[]
PBI,10920,2026-04-22T15:54:06Z,delayed,SMART,PBI,100,2026-05-15,2.0,put,USD,ibkr,[],[]
PBI,10920,2026-04-22T15:54:06Z,delayed,SMART,PBI,100,2026-05-15,3.0,call,USD,ibkr,[],[]
PBI,10920,2026-04-22T15:54:06Z,delayed,SMART,PBI,100,2026-05-15,3.0,put,USD,ibkr,[],[]
PBI,10920,2026-04-22T15:54:06Z,delayed,SMART,PBI,100,2026-05-15,4.0,call,USD,ibkr,[],[]
PBI,10920,2026-04-22T15:54:06Z,delayed,SMART,PBI,100,2026-05-15,4.0,put,USD,ibkr,[],[]
PBI,10920,2026-04-22T15:54:06Z,delayed,SMART,PBI,100,2026-05-15,5.0,call,USD,ibkr,[],[]
PBI,10920,2026-04-22T15:54:06Z,delayed,SMART,PBI,100,2026-05-15,5.0,put,USD,ibkr,[],[]
PBI,10920,2026-04-22T15:54:06Z,delayed,SMART,PBI,100,2026-05-15,6.0,call,USD,ibkr,[],[]
PBI,10920,2026-04-22T15:54:06Z,delayed,SMART,PBI,100,2026-05-15,6.0,put,USD,ibkr,[],[]
PBI,10920,2026-04-22T15:54:06Z,delayed,SMART,PBI,100,2026-05-15,7.0,call,USD,ibkr,[],[]
PBI,10920,2026-04-22T15:54:06Z,delayed,SMART,PBI,100,2026-05-15,7.0,put,USD,ibkr,[],[]
PBI,10920,2026-04-22T15:54:06Z,delayed,SMART,PBI,100,2026-05-15,8.0,call,USD,ibkr,[],[]
PBI,10920,2026-04-22T15:54:06Z,delayed,SMART,PBI,100,2026-05-15,8.0,put,USD,ibkr,[],[]
PBI,10920,2026-04-22T15:54:06Z,delayed,SMART,PBI,100,2026-05-15,9.0,call,USD,ibkr,[],[]
PBI,10920,2026-04-22T15:54:06Z,delayed,SMART,PBI,100,2026-05-15,9.0,put,USD,ibkr,[],[]
PBI,10920,2026-04-22T15:54:06Z,delayed,SMART,PBI,100,2026-05-15,10.0,call,USD,ibkr,[],[]
PBI,10920,2026-04-22T15:54:06Z,delayed,SMART,PBI,100,2026-05-15,10.0,put,USD,ibkr,[],[]
PBI,10920,2026-04-22T15:54:06Z,delayed,SMART,PBI,100,2026-05-15,11.0,call,USD,ibkr,[],[]
PBI,10920,2026-04-22T15:54:06Z,delayed,SMART,PBI,100,2026-05-15,11.0,put,USD,ibkr,[],[]
PBI,10920,2026-04-22T15:54:06Z,delayed,SMART,PBI,100,2026-05-15,12.0,call,USD,ibkr,[],[]
PBI,10920,2026-04-22T15:54:06Z,delayed,SMART,PBI,100,2026-05-15,12.0,put,USD,ibkr,[],[]
PBI,10920,2026-04-22T15:54:06Z,delayed,SMART,PBI,100,2026-05-15,13.0,call,USD,ibkr,[],[]
PBI,10920,2026-04-22T15:54:06Z,delayed,SMART,PBI,100,2026-05-15,13.0,put,USD,ibkr,[],[]
PBI,10920,2026-04-22T15:54:06Z,delayed,SMART,PBI,100,2026-05-15,14.0,call,USD,ibkr,[],[]
PBI,10920,2026-04-22T15:54:06Z,delayed,SMART,PBI,100,2026-05-15,14.0,put,USD,ibkr,[],[]
PBI,10920,2026-04-22T15:54:06Z,delayed,SMART,PBI,100,2026-05-15,15.0,call,USD,ibkr,[],[]
PBI,10920,2026-04-22T15:54:06Z,delayed,SMART,PBI,100,2026-05-15,15.0,put,USD,ibkr,[],[]
PBI,10920,2026-04-22T15:54:06Z,delayed,SMART,PBI,100,2026-05-15,16.0,call,USD,ibkr,[],[]
PBI,10920,2026-04-22T15:54:06Z,delayed,SMART,PBI,100,2026-05-15,16.0,put,USD,ibkr,[],[]
PBI,10920,2026-04-22T15:54:06Z,delayed,SMART,PBI,100,2026-05-15,17.0,call,USD,ibkr,[],[]
PBI,10920,2026-04-22T15:54:06Z,delayed,SMART,PBI,100,2026-05-15,17.0,put,USD,ibkr,[],[]
PBI,10920,2026-04-22T15:54:06Z,delayed,SMART,PBI,100,2026-05-15,18.0,call,USD,ibkr,[],[]
PBI,10920,2026-04-22T15:54:06Z,delayed,SMART,PBI,100,2026-05-15,18.0,put,USD,ibkr,[],[]
PBI,10920,2026-04-22T15:54:06Z,delayed,SMART,PBI,100,2026-05-15,19.0,call,USD,ibkr,[],[]
PBI,10920,2026-04-22T15:54:06Z,delayed,SMART,PBI,100,2026-05-15,19.0,put,USD,ibkr,[],[]
PBI,10920,2026-04-22T15:54:06Z,delayed,SMART,PBI,100,2026-05-15,20.0,call,USD,ibkr,[],[]
PBI,10920,2026-04-22T15:54:06Z,delayed,SMART,PBI,100,2026-05-15,20.0,put,USD,ibkr,[],[]
PBI,10920,2026-04-22T15:54:06Z,delayed,SMART,PBI,100,2026-05-15,21.0,call,USD,ibkr,[],[]
PBI,10920,2026-04-22T15:54:06Z,delayed,SMART,PBI,100,2026-05-15,21.0,put,USD,ibkr,[],[]
PBI,10920,2026-04-22T15:54:06Z,delayed,SMART,PBI,100,2026-05-15,22.0,call,USD,ibkr,[],[]
PBI,10920,2026-04-22T15:54:06Z,delayed,SMART,PBI,100,2026-05-15,22.0,put,USD,ibkr,[],[]
PBI,10920,2026-04-22T15:54:06Z,delayed,SMART,PBI,100,2026-05-15,23.0,call,USD,ibkr,[],[]
PBI,10920,2026-04-22T15:54:06Z,delayed,SMART,PBI,100,2026-05-15,23.0,put,USD,ibkr,[],[]
PBI,10920,2026-04-22T15:54:06Z,delayed,SMART,PBI,100,2026-05-15,24.0,call,USD,ibkr,[],[]
PBI,10920,2026-04-22T15:54:06Z,delayed,SMART,PBI,100,2026-05-15,24.0,put,USD,ibkr,[],[]
PBI,10920,2026-04-22T15:54:06Z,delayed,SMART,PBI,100,2026-05-15,25.0,call,USD,ibkr,[],[]
PBI,10920,2026-04-22T15:54:06Z,delayed,SMART,PBI,100,2026-05-15,25.0,put,USD,ibkr,[],[]
PBI,10920,2026-04-22T15:54:06Z,delayed,SMART,PBI,100,2026-05-15,26.0,call,USD,ibkr,[],[]
PBI,10920,2026-04-22T15:54:06Z,delayed,SMART,PBI,100,2026-05-15,26.0,put,USD,ibkr,[],[]
PBI,10920,2026-04-22T15:54:06Z,delayed,SMART,PBI,100,2026-05-15,27.0,call,USD,ibkr,[],[]
PBI,10920,2026-04-22T15:54:06Z,delayed,SMART,PBI,100,2026-05-15,27.0,put,USD,ibkr,[],[]
PBI,10920,2026-04-22T15:54:06Z,delayed,SMART,PBI,100,2026-05-15,28.0,call,USD,ibkr,[],[]
PBI,10920,2026-04-22T15:54:06Z,delayed,SMART,PBI,100,2026-05-15,28.0,put,USD,ibkr,[],[]
PBI,10920,2026-04-22T15:54:06Z,delayed,SMART,PBI,100,2026-05-15,29.0,call,USD,ibkr,[],[]
PBI,10920,2026-04-22T15:54:06Z,delayed,SMART,PBI,100,2026-05-15,29.0,put,USD,ibkr,[],[]
PBI,10920,2026-04-22T15:54:06Z,delayed,SMART,PBI,100,2026-06-18,1.0,call,USD,ibkr,[],[]
PBI,10920,2026-04-22T15:54:06Z,delayed,SMART,PBI,100,2026-06-18,1.0,put,USD,ibkr,[],[]
PBI,10920,2026-04-22T15:54:06Z,delayed,SMART,PBI,100,2026-06-18,2.0,call,USD,ibkr,[],[]
PBI,10920,2026-04-22T15:54:06Z,delayed,SMART,PBI,100,2026-06-18,2.0,put,USD,ibkr,[],[]
PBI,10920,2026-04-22T15:54:06Z,delayed,SMART,PBI,100,2026-06-18,3.0,call,USD,ibkr,[],[]
PBI,10920,2026-04-22T15:54:06Z,delayed,SMART,PBI,100,2026-06-18,3.0,put,USD,ibkr,[],[]
PBI,10920,2026-04-22T15:54:06Z,delayed,SMART,PBI,100,2026-06-18,4.0,call,USD,ibkr,[],[]
PBI,10920,2026-04-22T15:54:06Z,delayed,SMART,PBI,100,2026-06-18,4.0,put,USD,ibkr,[],[]
PBI,10920,2026-04-22T15:54:06Z,delayed,SMART,PBI,100,2026-06-18,5.0,call,USD,ibkr,[],[]
PBI,10920,2026-04-22T15:54:06Z,delayed,SMART,PBI,100,2026-06-18,5.0,put,USD,ibkr,[],[]
PBI,10920,2026-04-22T15:54:06Z,delayed,SMART,PBI,100,2026-06-18,6.0,call,USD,ibkr,[],[]
PBI,10920,2026-04-22T15:54:06Z,delayed,SMART,PBI,100,2026-06-18,6.0,put,USD,ibkr,[],[]
PBI,10920,2026-04-22T15:54:06Z,delayed,SMART,PBI,100,2026-06-18,7.0,call,USD,ibkr,[],[]
PBI,10920,2026-04-22T15:54:06Z,delayed,SMART,PBI,100,2026-06-18,7.0,put,USD,ibkr,[],[]
PBI,10920,2026-04-22T15:54:06Z,delayed,SMART,PBI,100,2026-06-18,8.0,call,USD,ibkr,[],[]
PBI,10920,2026-04-22T15:54:06Z,delayed,SMART,PBI,100,2026-06-18,8.0,put,USD,ibkr,[],[]
PBI,10920,2026-04-22T15:54:06Z,delayed,SMART,PBI,100,2026-06-18,9.0,call,USD,ibkr,[],[]
PBI,10920,2026-04-22T15:54:06Z,delayed,SMART,PBI,100,2026-06-18,9.0,put,USD,ibkr,[],[]
PBI,10920,2026-04-22T15:54:06Z,delayed,SMART,PBI,100,2026-06-18,10.0,call,USD,ibkr,[],[]
PBI,10920,2026-04-22T15:54:06Z,delayed,SMART,PBI,100,2026-06-18,10.0,put,USD,ibkr,[],[]
PBI,10920,2026-04-22T15:54:06Z,delayed,SMART,PBI,100,2026-06-18,11.0,call,USD,ibkr,[],[]
PBI,10920,2026-04-22T15:54:06Z,delayed,SMART,PBI,100,2026-06-18,11.0,put,USD,ibkr,[],[]
PBI,10920,2026-04-22T15:54:06Z,delayed,SMART,PBI,100,2026-06-18,12.0,call,USD,ibkr,[],[]
PBI,10920,2026-04-22T15:54:06Z,delayed,SMART,PBI,100,2026-06-18,12.0,put,USD,ibkr,[],[]
PBI,10920,2026-04-22T15:54:06Z,delayed,SMART,PBI,100,2026-06-18,13.0,call,USD,ibkr,[],[]
PBI,10920,2026-04-22T15:54:06Z,delayed,SMART,PBI,100,2026-06-18,13.0,put,USD,ibkr,[],[]
PBI,10920,2026-04-22T15:54:06Z,delayed,SMART,PBI,100,2026-06-18,14.0,call,USD,ibkr,[],[]
PBI,10920,2026-04-22T15:54:06Z,delayed,SMART,PBI,100,2026-06-18,14.0,put,USD,ibkr,[],[]
PBI,10920,2026-04-22T15:54:06Z,delayed,SMART,PBI,100,2026-06-18,15.0,call,USD,ibkr,[],[]
PBI,10920,2026-04-22T15:54:06Z,delayed,SMART,PBI,100,2026-06-18,15.0,put,USD,ibkr,[],[]
PBI,10920,2026-04-22T15:54:06Z,delayed,SMART,PBI,100,2026-06-18,16.0,call,USD,ibkr,[],[]
PBI,10920,2026-04-22T15:54:06Z,delayed,SMART,PBI,100,2026-06-18,16.0,put,USD,ibkr,[],[]
PBI,10920,2026-04-22T15:54:06Z,delayed,SMART,PBI,100,2026-06-18,17.0,call,USD,ibkr,[],[]
PBI,10920,2026-04-22T15:54:06Z,delayed,SMART,PBI,100,2026-06-18,17.0,put,USD,ibkr,[],[]
PBI,10920,2026-04-22T15:54:06Z,delayed,SMART,PBI,100,2026-06-18,18.0,call,USD,ibkr,[],[]
PBI,10920,2026-04-22T15:54:06Z,delayed,SMART,PBI,100,2026-06-18,18.0,put,USD,ibkr,[],[]
PBI,10920,2026-04-22T15:54:06Z,delayed,SMART,PBI,100,2026-06-18,19.0,call,USD,ibkr,[],[]
PBI,10920,2026-04-22T15:54:06Z,delayed,SMART,PBI,100,2026-06-18,19.0,put,USD,ibkr,[],[]
PBI,10920,2026-04-22T15:54:06Z,delayed,SMART,PBI,100,2026-06-18,20.0,call,USD,ibkr,[],[]
PBI,10920,2026-04-22T15:54:06Z,delayed,SMART,PBI,100,2026-06-18,20.0,put,USD,ibkr,[],[]
PBI,10920,2026-04-22T15:54:06Z,delayed,SMART,PBI,100,2026-06-18,21.0,call,USD,ibkr,[],[]
PBI,10920,2026-04-22T15:54:06Z,delayed,SMART,PBI,100,2026-06-18,21.0,put,USD,ibkr,[],[]
PBI,10920,2026-04-22T15:54:06Z,delayed,SMART,PBI,100,2026-06-18,22.0,call,USD,ibkr,[],[]
PBI,10920,2026-04-22T15:54:06Z,delayed,SMART,PBI,100,2026-06-18,22.0,put,USD,ibkr,[],[]
PBI,10920,2026-04-22T15:54:06Z,delayed,SMART,PBI,100,2026-06-18,23.0,call,USD,ibkr,[],[]
PBI,10920,2026-04-22T15:54:06Z,delayed,SMART,PBI,100,2026-06-18,23.0,put,USD,ibkr,[],[]
PBI,10920,2026-04-22T15:54:06Z,delayed,SMART,PBI,100,2026-06-18,24.0,call,USD,ibkr,[],[]
PBI,10920,2026-04-22T15:54:06Z,delayed,SMART,PBI,100,2026-06-18,24.0,put,USD,ibkr,[],[]
PBI,10920,2026-04-22T15:54:06Z,delayed,SMART,PBI,100,2026-06-18,25.0,call,USD,ibkr,[],[]
PBI,10920,2026-04-22T15:54:06Z,delayed,SMART,PBI,100,2026-06-18,25.0,put,USD,ibkr,[],[]
PBI,10920,2026-04-22T15:54:06Z,delayed,SMART,PBI,100,2026-06-18,26.0,call,USD,ibkr,[],[]
PBI,10920,2026-04-22T15:54:06Z,delayed,SMART,PBI,100,2026-06-18,26.0,put,USD,ibkr,[],[]
PBI,10920,2026-04-22T15:54:06Z,delayed,SMART,PBI,100,2026-06-18,27.0,call,USD,ibkr,[],[]
PBI,10920,2026-04-22T15:54:06Z,delayed,SMART,PBI,100,2026-06-18,27.0,put,USD,ibkr,[],[]
PBI,10920,2026-04-22T15:54:06Z,delayed,SMART,PBI,100,2026-06-18,28.0,call,USD,ibkr,[],[]
PBI,10920,2026-04-22T15:54:06Z,delayed,SMART,PBI,100,2026-06-18,28.0,put,USD,ibkr,[],[]
PBI,10920,2026-04-22T15:54:06Z,delayed,SMART,PBI,100,2026-06-18,29.0,call,USD,ibkr,[],[]
PBI,10920,2026-04-22T15:54:06Z,delayed,SMART,PBI,100,2026-06-18,29.0,put,USD,ibkr,[],[]
PBI,10920,2026-04-22T15:54:06Z,delayed,SMART,PBI,100,2026-07-17,1.0,call,USD,ibkr,[],[]
PBI,10920,2026-04-22T15:54:06Z,delayed,SMART,PBI,100,2026-07-17,1.0,put,USD,ibkr,[],[]
PBI,10920,2026-04-22T15:54:06Z,delayed,SMART,PBI,100,2026-07-17,2.0,call,USD,ibkr,[],[]
PBI,10920,2026-04-22T15:54:06Z,delayed,SMART,PBI,100,2026-07-17,2.0,put,USD,ibkr,[],[]
PBI,10920,2026-04-22T15:54:06Z,delayed,SMART,PBI,100,2026-07-17,3.0,call,USD,ibkr,[],[]
PBI,10920,2026-04-22T15:54:06Z,delayed,SMART,PBI,100,2026-07-17,3.0,put,USD,ibkr,[],[]
PBI,10920,2026-04-22T15:54:06Z,delayed,SMART,PBI,100,2026-07-17,4.0,call,USD,ibkr,[],[]
PBI,10920,2026-04-22T15:54:06Z,delayed,SMART,PBI,100,2026-07-17,4.0,put,USD,ibkr,[],[]
PBI,10920,2026-04-22T15:54:06Z,delayed,SMART,PBI,100,2026-07-17,5.0,call,USD,ibkr,[],[]
PBI,10920,2026-04-22T15:54:06Z,delayed,SMART,PBI,100,2026-07-17,5.0,put,USD,ibkr,[],[]
PBI,10920,2026-04-22T15:54:06Z,delayed,SMART,PBI,100,2026-07-17,6.0,call,USD,ibkr,[],[]
PBI,10920,2026-04-22T15:54:06Z,delayed,SMART,PBI,100,2026-07-17,6.0,put,USD,ibkr,[],[]
PBI,10920,2026-04-22T15:54:06Z,delayed,SMART,PBI,100,2026-07-17,7.0,call,USD,ibkr,[],[]
PBI,10920,2026-04-22T15:54:06Z,delayed,SMART,PBI,100,2026-07-17,7.0,put,USD,ibkr,[],[]
PBI,10920,2026-04-22T15:54:06Z,delayed,SMART,PBI,100,2026-07-17,8.0,call,USD,ibkr,[],[]
PBI,10920,2026-04-22T15:54:06Z,delayed,SMART,PBI,100,2026-07-17,8.0,put,USD,ibkr,[],[]
PBI,10920,2026-04-22T15:54:06Z,delayed,SMART,PBI,100,2026-07-17,9.0,call,USD,ibkr,[],[]
PBI,10920,2026-04-22T15:54:06Z,delayed,SMART,PBI,100,2026-07-17,9.0,put,USD,ibkr,[],[]
PBI,10920,2026-04-22T15:54:06Z,delayed,SMART,PBI,100,2026-07-17,10.0,call,USD,ibkr,[],[]
PBI,10920,2026-04-22T15:54:06Z,delayed,SMART,PBI,100,2026-07-17,10.0,put,USD,ibkr,[],[]
PBI,10920,2026-04-22T15:54:06Z,delayed,SMART,PBI,100,2026-07-17,11.0,call,USD,ibkr,[],[]
PBI,10920,2026-04-22T15:54:06Z,delayed,SMART,PBI,100,2026-07-17,11.0,put,USD,ibkr,[],[]
PBI,10920,2026-04-22T15:54:06Z,delayed,SMART,PBI,100,2026-07-17,12.0,call,USD,ibkr,[],[]
PBI,10920,2026-04-22T15:54:06Z,delayed,SMART,PBI,100,2026-07-17,12.0,put,USD,ibkr,[],[]
PBI,10920,2026-04-22T15:54:06Z,delayed,SMART,PBI,100,2026-07-17,13.0,call,USD,ibkr,[],[]
PBI,10920,2026-04-22T15:54:06Z,delayed,SMART,PBI,100,2026-07-17,13.0,put,USD,ibkr,[],[]
PBI,10920,2026-04-22T15:54:06Z,delayed,SMART,PBI,100,2026-07-17,14.0,call,USD,ibkr,[],[]
PBI,10920,2026-04-22T15:54:06Z,delayed,SMART,PBI,100,2026-07-17,14.0,put,USD,ibkr,[],[]
PBI,10920,2026-04-22T15:54:06Z,delayed,SMART,PBI,100,2026-07-17,15.0,call,USD,ibkr,[],[]
PBI,10920,2026-04-22T15:54:06Z,delayed,SMART,PBI,100,2026-07-17,15.0,put,USD,ibkr,[],[]
PBI,10920,2026-04-22T15:54:06Z,delayed,SMART,PBI,100,2026-07-17,16.0,call,USD,ibkr,[],[]
PBI,10920,2026-04-22T15:54:06Z,delayed,SMART,PBI,100,2026-07-17,16.0,put,USD,ibkr,[],[]
PBI,10920,2026-04-22T15:54:06Z,delayed,SMART,PBI,100,2026-07-17,17.0,call,USD,ibkr,[],[]
PBI,10920,2026-04-22T15:54:06Z,delayed,SMART,PBI,100,2026-07-17,17.0,put,USD,ibkr,[],[]
PBI,10920,2026-04-22T15:54:06Z,delayed,SMART,PBI,100,2026-07-17,18.0,call,USD,ibkr,[],[]
PBI,10920,2026-04-22T15:54:06Z,delayed,SMART,PBI,100,2026-07-17,18.0,put,USD,ibkr,[],[]
PBI,10920,2026-04-22T15:54:06Z,delayed,SMART,PBI,100,2026-07-17,19.0,call,USD,ibkr,[],[]
PBI,10920,2026-04-22T15:54:06Z,delayed,SMART,PBI,100,2026-07-17,19.0,put,USD,ibkr,[],[]
PBI,10920,2026-04-22T15:54:06Z,delayed,SMART,PBI,100,2026-07-17,20.0,call,USD,ibkr,[],[]
PBI,10920,2026-04-22T15:54:06Z,delayed,SMART,PBI,100,2026-07-17,20.0,put,USD,ibkr,[],[]
PBI,10920,2026-04-22T15:54:06Z,delayed,SMART,PBI,100,2026-07-17,21.0,call,USD,ibkr,[],[]
PBI,10920,2026-04-22T15:54:06Z,delayed,SMART,PBI,100,2026-07-17,21.0,put,USD,ibkr,[],[]
PBI,10920,2026-04-22T15:54:06Z,delayed,SMART,PBI,100,2026-07-17,22.0,call,USD,ibkr,[],[]
PBI,10920,2026-04-22T15:54:06Z,delayed,SMART,PBI,100,2026-07-17,22.0,put,USD,ibkr,[],[]
PBI,10920,2026-04-22T15:54:06Z,delayed,SMART,PBI,100,2026-07-17,23.0,call,USD,ibkr,[],[]
PBI,10920,2026-04-22T15:54:06Z,delayed,SMART,PBI,100,2026-07-17,23.0,put,USD,ibkr,[],[]
PBI,10920,2026-04-22T15:54:06Z,delayed,SMART,PBI,100,2026-07-17,24.0,call,USD,ibkr,[],[]
PBI,10920,2026-04-22T15:54:06Z,delayed,SMART,PBI,100,2026-07-17,24.0,put,USD,ibkr,[],[]
PBI,10920,2026-04-22T15:54:06Z,delayed,SMART,PBI,100,2026-07-17,25.0,call,USD,ibkr,[],[]
PBI,10920,2026-04-22T15:54:06Z,delayed,SMART,PBI,100,2026-07-17,25.0,put,USD,ibkr,[],[]
PBI,10920,2026-04-22T15:54:06Z,delayed,SMART,PBI,100,2026-07-17,26.0,call,USD,ibkr,[],[]
PBI,10920,2026-04-22T15:54:06Z,delayed,SMART,PBI,100,2026-07-17,26.0,put,USD,ibkr,[],[]
PBI,10920,2026-04-22T15:54:06Z,delayed,SMART,PBI,100,2026-07-17,27.0,call,USD,ibkr,[],[]
PBI,10920,2026-04-22T15:54:06Z,delayed,SMART,PBI,100,2026-07-17,27.0,put,USD,ibkr,[],[]
PBI,10920,2026-04-22T15:54:06Z,delayed,SMART,PBI,100,2026-07-17,28.0,call,USD,ibkr,[],[]
PBI,10920,2026-04-22T15:54:06Z,delayed,SMART,PBI,100,2026-07-17,28.0,put,USD,ibkr,[],[]
PBI,10920,2026-04-22T15:54:06Z,delayed,SMART,PBI,100,2026-07-17,29.0,call,USD,ibkr,[],[]
PBI,10920,2026-04-22T15:54:06Z,delayed,SMART,PBI,100,2026-07-17,29.0,put,USD,ibkr,[],[]
PBI,10920,2026-04-22T15:54:06Z,delayed,SMART,PBI,100,2026-10-16,1.0,call,USD,ibkr,[],[]
PBI,10920,2026-04-22T15:54:06Z,delayed,SMART,PBI,100,2026-10-16,1.0,put,USD,ibkr,[],[]
PBI,10920,2026-04-22T15:54:06Z,delayed,SMART,PBI,100,2026-10-16,2.0,call,USD,ibkr,[],[]
PBI,10920,2026-04-22T15:54:06Z,delayed,SMART,PBI,100,2026-10-16,2.0,put,USD,ibkr,[],[]
PBI,10920,2026-04-22T15:54:06Z,delayed,SMART,PBI,100,2026-10-16,3.0,call,USD,ibkr,[],[]
PBI,10920,2026-04-22T15:54:06Z,delayed,SMART,PBI,100,2026-10-16,3.0,put,USD,ibkr,[],[]
PBI,10920,2026-04-22T15:54:06Z,delayed,SMART,PBI,100,2026-10-16,4.0,call,USD,ibkr,[],[]
PBI,10920,2026-04-22T15:54:06Z,delayed,SMART,PBI,100,2026-10-16,4.0,put,USD,ibkr,[],[]
PBI,10920,2026-04-22T15:54:06Z,delayed,SMART,PBI,100,2026-10-16,5.0,call,USD,ibkr,[],[]
PBI,10920,2026-04-22T15:54:06Z,delayed,SMART,PBI,100,2026-10-16,5.0,put,USD,ibkr,[],[]
PBI,10920,2026-04-22T15:54:06Z,delayed,SMART,PBI,100,2026-10-16,6.0,call,USD,ibkr,[],[]
PBI,10920,2026-04-22T15:54:06Z,delayed,SMART,PBI,100,2026-10-16,6.0,put,USD,ibkr,[],[]
PBI,10920,2026-04-22T15:54:06Z,delayed,SMART,PBI,100,2026-10-16,7.0,call,USD,ibkr,[],[]
PBI,10920,2026-04-22T15:54:06Z,delayed,SMART,PBI,100,2026-10-16,7.0,put,USD,ibkr,[],[]
PBI,10920,2026-04-22T15:54:06Z,delayed,SMART,PBI,100,2026-10-16,8.0,call,USD,ibkr,[],[]
PBI,10920,2026-04-22T15:54:06Z,delayed,SMART,PBI,100,2026-10-16,8.0,put,USD,ibkr,[],[]
PBI,10920,2026-04-22T15:54:06Z,delayed,SMART,PBI,100,2026-10-16,9.0,call,USD,ibkr,[],[]
PBI,10920,2026-04-22T15:54:06Z,delayed,SMART,PBI,100,2026-10-16,9.0,put,USD,ibkr,[],[]
PBI,10920,2026-04-22T15:54:06Z,delayed,SMART,PBI,100,2026-10-16,10.0,call,USD,ibkr,[],[]
PBI,10920,2026-04-22T15:54:06Z,delayed,SMART,PBI,100,2026-10-16,10.0,put,USD,ibkr,[],[]
PBI,10920,2026-04-22T15:54:06Z,delayed,SMART,PBI,100,2026-10-16,11.0,call,USD,ibkr,[],[]
PBI,10920,2026-04-22T15:54:06Z,delayed,SMART,PBI,100,2026-10-16,11.0,put,USD,ibkr,[],[]
PBI,10920,2026-04-22T15:54:06Z,delayed,SMART,PBI,100,2026-10-16,12.0,call,USD,ibkr,[],[]
PBI,10920,2026-04-22T15:54:06Z,delayed,SMART,PBI,100,2026-10-16,12.0,put,USD,ibkr,[],[]
PBI,10920,2026-04-22T15:54:06Z,delayed,SMART,PBI,100,2026-10-16,13.0,call,USD,ibkr,[],[]
PBI,10920,2026-04-22T15:54:06Z,delayed,SMART,PBI,100,2026-10-16,13.0,put,USD,ibkr,[],[]
PBI,10920,2026-04-22T15:54:06Z,delayed,SMART,PBI,100,2026-10-16,14.0,call,USD,ibkr,[],[]
PBI,10920,2026-04-22T15:54:06Z,delayed,SMART,PBI,100,2026-10-16,14.0,put,USD,ibkr,[],[]
PBI,10920,2026-04-22T15:54:06Z,delayed,SMART,PBI,100,2026-10-16,15.0,call,USD,ibkr,[],[]
PBI,10920,2026-04-22T15:54:06Z,delayed,SMART,PBI,100,2026-10-16,15.0,put,USD,ibkr,[],[]
PBI,10920,2026-04-22T15:54:06Z,delayed,SMART,PBI,100,2026-10-16,16.0,call,USD,ibkr,[],[]
PBI,10920,2026-04-22T15:54:06Z,delayed,SMART,PBI,100,2026-10-16,16.0,put,USD,ibkr,[],[]
PBI,10920,2026-04-22T15:54:06Z,delayed,SMART,PBI,100,2026-10-16,17.0,call,USD,ibkr,[],[]
PBI,10920,2026-04-22T15:54:06Z,delayed,SMART,PBI,100,2026-10-16,17.0,put,USD,ibkr,[],[]
PBI,10920,2026-04-22T15:54:06Z,delayed,SMART,PBI,100,2026-10-16,18.0,call,USD,ibkr,[],[]
PBI,10920,2026-04-22T15:54:06Z,delayed,SMART,PBI,100,2026-10-16,18.0,put,USD,ibkr,[],[]
PBI,10920,2026-04-22T15:54:06Z,delayed,SMART,PBI,100,2026-10-16,19.0,call,USD,ibkr,[],[]
PBI,10920,2026-04-22T15:54:06Z,delayed,SMART,PBI,100,2026-10-16,19.0,put,USD,ibkr,[],[]
PBI,10920,2026-04-22T15:54:06Z,delayed,SMART,PBI,100,2026-10-16,20.0,call,USD,ibkr,[],[]
PBI,10920,2026-04-22T15:54:06Z,delayed,SMART,PBI,100,2026-10-16,20.0,put,USD,ibkr,[],[]
PBI,10920,2026-04-22T15:54:06Z,delayed,SMART,PBI,100,2026-10-16,21.0,call,USD,ibkr,[],[]
PBI,10920,2026-04-22T15:54:06Z,delayed,SMART,PBI,100,2026-10-16,21.0,put,USD,ibkr,[],[]
PBI,10920,2026-04-22T15:54:06Z,delayed,SMART,PBI,100,2026-10-16,22.0,call,USD,ibkr,[],[]
PBI,10920,2026-04-22T15:54:06Z,delayed,SMART,PBI,100,2026-10-16,22.0,put,USD,ibkr,[],[]
PBI,10920,2026-04-22T15:54:06Z,delayed,SMART,PBI,100,2026-10-16,23.0,call,USD,ibkr,[],[]
PBI,10920,2026-04-22T15:54:06Z,delayed,SMART,PBI,100,2026-10-16,23.0,put,USD,ibkr,[],[]
PBI,10920,2026-04-22T15:54:06Z,delayed,SMART,PBI,100,2026-10-16,24.0,call,USD,ibkr,[],[]
PBI,10920,2026-04-22T15:54:06Z,delayed,SMART,PBI,100,2026-10-16,24.0,put,USD,ibkr,[],[]
PBI,10920,2026-04-22T15:54:06Z,delayed,SMART,PBI,100,2026-10-16,25.0,call,USD,ibkr,[],[]
PBI,10920,2026-04-22T15:54:06Z,delayed,SMART,PBI,100,2026-10-16,25.0,put,USD,ibkr,[],[]
PBI,10920,2026-04-22T15:54:06Z,delayed,SMART,PBI,100,2026-10-16,26.0,call,USD,ibkr,[],[]
PBI,10920,2026-04-22T15:54:06Z,delayed,SMART,PBI,100,2026-10-16,26.0,put,USD,ibkr,[],[]
PBI,10920,2026-04-22T15:54:06Z,delayed,SMART,PBI,100,2026-10-16,27.0,call,USD,ibkr,[],[]
PBI,10920,2026-04-22T15:54:06Z,delayed,SMART,PBI,100,2026-10-16,27.0,put,USD,ibkr,[],[]
PBI,10920,2026-04-22T15:54:06Z,delayed,SMART,PBI,100,2026-10-16,28.0,call,USD,ibkr,[],[]
PBI,10920,2026-04-22T15:54:06Z,delayed,SMART,PBI,100,2026-10-16,28.0,put,USD,ibkr,[],[]
PBI,10920,2026-04-22T15:54:06Z,delayed,SMART,PBI,100,2026-10-16,29.0,call,USD,ibkr,[],[]
PBI,10920,2026-04-22T15:54:06Z,delayed,SMART,PBI,100,2026-10-16,29.0,put,USD,ibkr,[],[]
PBI,10920,2026-04-22T15:54:06Z,delayed,SMART,PBI,100,2027-01-15,1.0,call,USD,ibkr,[],[]
PBI,10920,2026-04-22T15:54:06Z,delayed,SMART,PBI,100,2027-01-15,1.0,put,USD,ibkr,[],[]
PBI,10920,2026-04-22T15:54:06Z,delayed,SMART,PBI,100,2027-01-15,2.0,call,USD,ibkr,[],[]
PBI,10920,2026-04-22T15:54:06Z,delayed,SMART,PBI,100,2027-01-15,2.0,put,USD,ibkr,[],[]
PBI,10920,2026-04-22T15:54:06Z,delayed,SMART,PBI,100,2027-01-15,3.0,call,USD,ibkr,[],[]
PBI,10920,2026-04-22T15:54:06Z,delayed,SMART,PBI,100,2027-01-15,3.0,put,USD,ibkr,[],[]
PBI,10920,2026-04-22T15:54:06Z,delayed,SMART,PBI,100,2027-01-15,4.0,call,USD,ibkr,[],[]
PBI,10920,2026-04-22T15:54:06Z,delayed,SMART,PBI,100,2027-01-15,4.0,put,USD,ibkr,[],[]
PBI,10920,2026-04-22T15:54:06Z,delayed,SMART,PBI,100,2027-01-15,5.0,call,USD,ibkr,[],[]
PBI,10920,2026-04-22T15:54:06Z,delayed,SMART,PBI,100,2027-01-15,5.0,put,USD,ibkr,[],[]
PBI,10920,2026-04-22T15:54:06Z,delayed,SMART,PBI,100,2027-01-15,6.0,call,USD,ibkr,[],[]
PBI,10920,2026-04-22T15:54:06Z,delayed,SMART,PBI,100,2027-01-15,6.0,put,USD,ibkr,[],[]
PBI,10920,2026-04-22T15:54:06Z,delayed,SMART,PBI,100,2027-01-15,7.0,call,USD,ibkr,[],[]
PBI,10920,2026-04-22T15:54:06Z,delayed,SMART,PBI,100,2027-01-15,7.0,put,USD,ibkr,[],[]
PBI,10920,2026-04-22T15:54:06Z,delayed,SMART,PBI,100,2027-01-15,8.0,call,USD,ibkr,[],[]
PBI,10920,2026-04-22T15:54:06Z,delayed,SMART,PBI,100,2027-01-15,8.0,put,USD,ibkr,[],[]
PBI,10920,2026-04-22T15:54:06Z,delayed,SMART,PBI,100,2027-01-15,9.0,call,USD,ibkr,[],[]
PBI,10920,2026-04-22T15:54:06Z,delayed,SMART,PBI,100,2027-01-15,9.0,put,USD,ibkr,[],[]
PBI,10920,2026-04-22T15:54:06Z,delayed,SMART,PBI,100,2027-01-15,10.0,call,USD,ibkr,[],[]
PBI,10920,2026-04-22T15:54:06Z,delayed,SMART,PBI,100,2027-01-15,10.0,put,USD,ibkr,[],[]
PBI,10920,2026-04-22T15:54:06Z,delayed,SMART,PBI,100,2027-01-15,11.0,call,USD,ibkr,[],[]
PBI,10920,2026-04-22T15:54:06Z,delayed,SMART,PBI,100,2027-01-15,11.0,put,USD,ibkr,[],[]
PBI,10920,2026-04-22T15:54:06Z,delayed,SMART,PBI,100,2027-01-15,12.0,call,USD,ibkr,[],[]
PBI,10920,2026-04-22T15:54:06Z,delayed,SMART,PBI,100,2027-01-15,12.0,put,USD,ibkr,[],[]
PBI,10920,2026-04-22T15:54:06Z,delayed,SMART,PBI,100,2027-01-15,13.0,call,USD,ibkr,[],[]
PBI,10920,2026-04-22T15:54:06Z,delayed,SMART,PBI,100,2027-01-15,13.0,put,USD,ibkr,[],[]
PBI,10920,2026-04-22T15:54:06Z,delayed,SMART,PBI,100,2027-01-15,14.0,call,USD,ibkr,[],[]
PBI,10920,2026-04-22T15:54:06Z,delayed,SMART,PBI,100,2027-01-15,14.0,put,USD,ibkr,[],[]
PBI,10920,2026-04-22T15:54:06Z,delayed,SMART,PBI,100,2027-01-15,15.0,call,USD,ibkr,[],[]
PBI,10920,2026-04-22T15:54:06Z,delayed,SMART,PBI,100,2027-01-15,15.0,put,USD,ibkr,[],[]
PBI,10920,2026-04-22T15:54:06Z,delayed,SMART,PBI,100,2027-01-15,16.0,call,USD,ibkr,[],[]
PBI,10920,2026-04-22T15:54:06Z,delayed,SMART,PBI,100,2027-01-15,16.0,put,USD,ibkr,[],[]
PBI,10920,2026-04-22T15:54:06Z,delayed,SMART,PBI,100,2027-01-15,17.0,call,USD,ibkr,[],[]
PBI,10920,2026-04-22T15:54:06Z,delayed,SMART,PBI,100,2027-01-15,17.0,put,USD,ibkr,[],[]
PBI,10920,2026-04-22T15:54:06Z,delayed,SMART,PBI,100,2027-01-15,18.0,call,USD,ibkr,[],[]
PBI,10920,2026-04-22T15:54:06Z,delayed,SMART,PBI,100,2027-01-15,18.0,put,USD,ibkr,[],[]
PBI,10920,2026-04-22T15:54:06Z,delayed,SMART,PBI,100,2027-01-15,19.0,call,USD,ibkr,[],[]
PBI,10920,2026-04-22T15:54:06Z,delayed,SMART,PBI,100,2027-01-15,19.0,put,USD,ibkr,[],[]
PBI,10920,2026-04-22T15:54:06Z,delayed,SMART,PBI,100,2027-01-15,20.0,call,USD,ibkr,[],[]
PBI,10920,2026-04-22T15:54:06Z,delayed,SMART,PBI,100,2027-01-15,20.0,put,USD,ibkr,[],[]
PBI,10920,2026-04-22T15:54:06Z,delayed,SMART,PBI,100,2027-01-15,21.0,call,USD,ibkr,[],[]
PBI,10920,2026-04-22T15:54:06Z,delayed,SMART,PBI,100,2027-01-15,21.0,put,USD,ibkr,[],[]
PBI,10920,2026-04-22T15:54:06Z,delayed,SMART,PBI,100,2027-01-15,22.0,call,USD,ibkr,[],[]
PBI,10920,2026-04-22T15:54:06Z,delayed,SMART,PBI,100,2027-01-15,22.0,put,USD,ibkr,[],[]
PBI,10920,2026-04-22T15:54:06Z,delayed,SMART,PBI,100,2027-01-15,23.0,call,USD,ibkr,[],[]
PBI,10920,2026-04-22T15:54:06Z,delayed,SMART,PBI,100,2027-01-15,23.0,put,USD,ibkr,[],[]
PBI,10920,2026-04-22T15:54:06Z,delayed,SMART,PBI,100,2027-01-15,24.0,call,USD,ibkr,[],[]
PBI,10920,2026-04-22T15:54:06Z,delayed,SMART,PBI,100,2027-01-15,24.0,put,USD,ibkr,[],[]
PBI,10920,2026-04-22T15:54:06Z,delayed,SMART,PBI,100,2027-01-15,25.0,call,USD,ibkr,[],[]
PBI,10920,2026-04-22T15:54:06Z,delayed,SMART,PBI,100,2027-01-15,25.0,put,USD,ibkr,[],[]
PBI,10920,2026-04-22T15:54:06Z,delayed,SMART,PBI,100,2027-01-15,26.0,call,USD,ibkr,[],[]
PBI,10920,2026-04-22T15:54:06Z,delayed,SMART,PBI,100,2027-01-15,26.0,put,USD,ibkr,[],[]
PBI,10920,2026-04-22T15:54:06Z,delayed,SMART,PBI,100,2027-01-15,27.0,call,USD,ibkr,[],[]
PBI,10920,2026-04-22T15:54:06Z,delayed,SMART,PBI,100,2027-01-15,27.0,put,USD,ibkr,[],[]
PBI,10920,2026-04-22T15:54:06Z,delayed,SMART,PBI,100,2027-01-15,28.0,call,USD,ibkr,[],[]
PBI,10920,2026-04-22T15:54:06Z,delayed,SMART,PBI,100,2027-01-15,28.0,put,USD,ibkr,[],[]
PBI,10920,2026-04-22T15:54:06Z,delayed,SMART,PBI,100,2027-01-15,29.0,call,USD,ibkr,[],[]
PBI,10920,2026-04-22T15:54:06Z,delayed,SMART,PBI,100,2027-01-15,29.0,put,USD,ibkr,[],[]
PBI,10920,2026-04-22T15:54:06Z,delayed,SMART,PBI,100,2028-01-21,1.0,call,USD,ibkr,[],[]
PBI,10920,2026-04-22T15:54:06Z,delayed,SMART,PBI,100,2028-01-21,1.0,put,USD,ibkr,[],[]
PBI,10920,2026-04-22T15:54:06Z,delayed,SMART,PBI,100,2028-01-21,2.0,call,USD,ibkr,[],[]
PBI,10920,2026-04-22T15:54:06Z,delayed,SMART,PBI,100,2028-01-21,2.0,put,USD,ibkr,[],[]
PBI,10920,2026-04-22T15:54:06Z,delayed,SMART,PBI,100,2028-01-21,3.0,call,USD,ibkr,[],[]
PBI,10920,2026-04-22T15:54:06Z,delayed,SMART,PBI,100,2028-01-21,3.0,put,USD,ibkr,[],[]
PBI,10920,2026-04-22T15:54:06Z,delayed,SMART,PBI,100,2028-01-21,4.0,call,USD,ibkr,[],[]
PBI,10920,2026-04-22T15:54:06Z,delayed,SMART,PBI,100,2028-01-21,4.0,put,USD,ibkr,[],[]
PBI,10920,2026-04-22T15:54:06Z,delayed,SMART,PBI,100,2028-01-21,5.0,call,USD,ibkr,[],[]
PBI,10920,2026-04-22T15:54:06Z,delayed,SMART,PBI,100,2028-01-21,5.0,put,USD,ibkr,[],[]
PBI,10920,2026-04-22T15:54:06Z,delayed,SMART,PBI,100,2028-01-21,6.0,call,USD,ibkr,[],[]
PBI,10920,2026-04-22T15:54:06Z,delayed,SMART,PBI,100,2028-01-21,6.0,put,USD,ibkr,[],[]
PBI,10920,2026-04-22T15:54:06Z,delayed,SMART,PBI,100,2028-01-21,7.0,call,USD,ibkr,[],[]
PBI,10920,2026-04-22T15:54:06Z,delayed,SMART,PBI,100,2028-01-21,7.0,put,USD,ibkr,[],[]
PBI,10920,2026-04-22T15:54:06Z,delayed,SMART,PBI,100,2028-01-21,8.0,call,USD,ibkr,[],[]
PBI,10920,2026-04-22T15:54:06Z,delayed,SMART,PBI,100,2028-01-21,8.0,put,USD,ibkr,[],[]
PBI,10920,2026-04-22T15:54:06Z,delayed,SMART,PBI,100,2028-01-21,9.0,call,USD,ibkr,[],[]
PBI,10920,2026-04-22T15:54:06Z,delayed,SMART,PBI,100,2028-01-21,9.0,put,USD,ibkr,[],[]
PBI,10920,2026-04-22T15:54:06Z,delayed,SMART,PBI,100,2028-01-21,10.0,call,USD,ibkr,[],[]
PBI,10920,2026-04-22T15:54:06Z,delayed,SMART,PBI,100,2028-01-21,10.0,put,USD,ibkr,[],[]
PBI,10920,2026-04-22T15:54:06Z,delayed,SMART,PBI,100,2028-01-21,11.0,call,USD,ibkr,[],[]
PBI,10920,2026-04-22T15:54:06Z,delayed,SMART,PBI,100,2028-01-21,11.0,put,USD,ibkr,[],[]
PBI,10920,2026-04-22T15:54:06Z,delayed,SMART,PBI,100,2028-01-21,12.0,call,USD,ibkr,[],[]
PBI,10920,2026-04-22T15:54:06Z,delayed,SMART,PBI,100,2028-01-21,12.0,put,USD,ibkr,[],[]
PBI,10920,2026-04-22T15:54:06Z,delayed,SMART,PBI,100,2028-01-21,13.0,call,USD,ibkr,[],[]
PBI,10920,2026-04-22T15:54:06Z,delayed,SMART,PBI,100,2028-01-21,13.0,put,USD,ibkr,[],[]
PBI,10920,2026-04-22T15:54:06Z,delayed,SMART,PBI,100,2028-01-21,14.0,call,USD,ibkr,[],[]
PBI,10920,2026-04-22T15:54:06Z,delayed,SMART,PBI,100,2028-01-21,14.0,put,USD,ibkr,[],[]
PBI,10920,2026-04-22T15:54:06Z,delayed,SMART,PBI,100,2028-01-21,15.0,call,USD,ibkr,[],[]
PBI,10920,2026-04-22T15:54:06Z,delayed,SMART,PBI,100,2028-01-21,15.0,put,USD,ibkr,[],[]
PBI,10920,2026-04-22T15:54:06Z,delayed,SMART,PBI,100,2028-01-21,16.0,call,USD,ibkr,[],[]
PBI,10920,2026-04-22T15:54:06Z,delayed,SMART,PBI,100,2028-01-21,16.0,put,USD,ibkr,[],[]
PBI,10920,2026-04-22T15:54:06Z,delayed,SMART,PBI,100,2028-01-21,17.0,call,USD,ibkr,[],[]
PBI,10920,2026-04-22T15:54:06Z,delayed,SMART,PBI,100,2028-01-21,17.0,put,USD,ibkr,[],[]
PBI,10920,2026-04-22T15:54:06Z,delayed,SMART,PBI,100,2028-01-21,18.0,call,USD,ibkr,[],[]
PBI,10920,2026-04-22T15:54:06Z,delayed,SMART,PBI,100,2028-01-21,18.0,put,USD,ibkr,[],[]
PBI,10920,2026-04-22T15:54:06Z,delayed,SMART,PBI,100,2028-01-21,19.0,call,USD,ibkr,[],[]
PBI,10920,2026-04-22T15:54:06Z,delayed,SMART,PBI,100,2028-01-21,19.0,put,USD,ibkr,[],[]
PBI,10920,2026-04-22T15:54:06Z,delayed,SMART,PBI,100,2028-01-21,20.0,call,USD,ibkr,[],[]
PBI,10920,2026-04-22T15:54:06Z,delayed,SMART,PBI,100,2028-01-21,20.0,put,USD,ibkr,[],[]
PBI,10920,2026-04-22T15:54:06Z,delayed,SMART,PBI,100,2028-01-21,21.0,call,USD,ibkr,[],[]
PBI,10920,2026-04-22T15:54:06Z,delayed,SMART,PBI,100,2028-01-21,21.0,put,USD,ibkr,[],[]
PBI,10920,2026-04-22T15:54:06Z,delayed,SMART,PBI,100,2028-01-21,22.0,call,USD,ibkr,[],[]
PBI,10920,2026-04-22T15:54:06Z,delayed,SMART,PBI,100,2028-01-21,22.0,put,USD,ibkr,[],[]
PBI,10920,2026-04-22T15:54:06Z,delayed,SMART,PBI,100,2028-01-21,23.0,call,USD,ibkr,[],[]
PBI,10920,2026-04-22T15:54:06Z,delayed,SMART,PBI,100,2028-01-21,23.0,put,USD,ibkr,[],[]
PBI,10920,2026-04-22T15:54:06Z,delayed,SMART,PBI,100,2028-01-21,24.0,call,USD,ibkr,[],[]
PBI,10920,2026-04-22T15:54:06Z,delayed,SMART,PBI,100,2028-01-21,24.0,put,USD,ibkr,[],[]
PBI,10920,2026-04-22T15:54:06Z,delayed,SMART,PBI,100,2028-01-21,25.0,call,USD,ibkr,[],[]
PBI,10920,2026-04-22T15:54:06Z,delayed,SMART,PBI,100,2028-01-21,25.0,put,USD,ibkr,[],[]
PBI,10920,2026-04-22T15:54:06Z,delayed,SMART,PBI,100,2028-01-21,26.0,call,USD,ibkr,[],[]
PBI,10920,2026-04-22T15:54:06Z,delayed,SMART,PBI,100,2028-01-21,26.0,put,USD,ibkr,[],[]
PBI,10920,2026-04-22T15:54:06Z,delayed,SMART,PBI,100,2028-01-21,27.0,call,USD,ibkr,[],[]
PBI,10920,2026-04-22T15:54:06Z,delayed,SMART,PBI,100,2028-01-21,27.0,put,USD,ibkr,[],[]
PBI,10920,2026-04-22T15:54:06Z,delayed,SMART,PBI,100,2028-01-21,28.0,call,USD,ibkr,[],[]
PBI,10920,2026-04-22T15:54:06Z,delayed,SMART,PBI,100,2028-01-21,28.0,put,USD,ibkr,[],[]
PBI,10920,2026-04-22T15:54:06Z,delayed,SMART,PBI,100,2028-01-21,29.0,call,USD,ibkr,[],[]
PBI,10920,2026-04-22T15:54:06Z,delayed,SMART,PBI,100,2028-01-21,29.0,put,USD,ibkr,[],[]
